Rank,Company Name,Number of Employees,Previous Rank,Revenues ($m),Revenue Change,Profits ($m),Profit Change,Assets ($m),Market Value ($m)
1,Walmart,2300000,1.0,485873,0.8%,13643.0,-7.2%,198825,218619
2,Berkshire Hathaway,367700,4.0,223604,6.1%,24074.0,0.0%,620854,411035
3,Apple,116000,3.0,215639,-7.7%,45687.0,-14.4%,321686,753718
4,Exxon Mobil,72700,2.0,205004,-16.7%,7840.0,-51.5%,330314,340056
5,McKesson,68000,5.0,192487,6.2%,2258.0,53.0%,56563,31439
6,UnitedHealth Group,230000,6.0,184840,17.7%,7017.0,20.7%,122810,157793
7,CVS Health,204000,7.0,177526,15.8%,5317.0,1.5%,94462,81310
8,General Motors,225000,8.0,166380,9.2%,9427.0,-2.7%,221690,52968
9,AT&T,268540,10.0,163786,11.6%,12976.0,-2.8%,403821,255679
10,Ford Motor,201000,9.0,151800,1.5%,4596.0,-37.7%,237951,46349
11,AmerisourceBergen,18500,12.0,146850,8.0%,1427.9,-,33656,19229
12,Amazon.com,341400,18.0,135987,27.1%,2371.0,297.8%,83402,423031
13,General Electric,295000,11.0,126661,-9.8%,8831.0,-,365183,259520
14,Verizon,160900,13.0,125980,-4.3%,13127.0,-26.6%,244180,198900
15,Cardinal Health,37300,21.0,121546,18.5%,1427.0,17.4%,34122,25725
16,Costco,172000,15.0,118719,2.2%,2350.0,-1.1%,33163,73606
17,Walgreens Boots Alliance,300000,19.0,117351,13.4%,4173.0,-1.1%,72688,89645
18,Kroger,443000,17.0,115337,5.0%,1975.0,-3.1%,36505,26961
19,Chevron,55200,14.0,107567,-18.0%,-497.0,-110.8%,260078,203263
20,Fannie Mae,7000,16.0,107162,-2.9%,12313.0,12.4%,3287968,3011
21,J.P. Morgan Chase,243355,23.0,105486,4.4%,24733.0,1.2%,2490972,313761
22,Express Scripts Holding,25600,22.0,100288,-1.4%,3404.4,37.5%,51745,39567
23,Home Depot,406000,28.0,94595,6.9%,7957.0,13.5%,42966,176368
24,Boeing,150540,24.0,94571,-1.6%,4895.0,-5.4%,89997,107546
25,Wells Fargo,269100,27.0,94176,4.6%,21938.0,-4.2%,1930115,278516
26,Bank of America Corp.,208024,26.0,93662,0.7%,17906.0,12.7%,2187702,236182
27,Alphabet,72053,36.0,90272,20.4%,19478.0,19.1%,167497,579426
28,Microsoft,114000,25.0,85320,-8.8%,16798.0,37.8%,193694,508935
29,Anthem,53000,33.0,84863,7.2%,2469.8,-3.5%,65083,43813
30,Citigroup,219000,29.0,82386,-6.7%,14912.0,-13.5%,1792077,165394
31,Comcast,159000,37.0,80403,7.9%,8695.0,6.5%,180500,178258
32,IBM,414400,31.0,79919,-3.1%,11872.0,-10.0%,117470,164251
33,State Farm Insurance Cos.,68234,35.0,76132,0.6%,350.3,-94.4%,256030,-
34,Phillips 66,14800,30.0,72396,-16.9%,1555.0,-63.2%,51653,40954
35,Johnson & Johnson,126400,39.0,71890,2.6%,16540.0,7.3%,141208,337642
36,Procter & Gamble,105000,34.0,71726,-8.9%,10508.0,49.3%,127136,229700
37,Valero Energy,9996,32.0,70166,-14.2%,2289.0,-42.6%,46173,29746
38,Target,323000,38.0,69495,-5.8%,2737.0,-18.6%,37431,30502
39,Freddie Mac,5982,43.0,65665,3.4%,7815.0,22.6%,2023376,1612
40,LoweÕs,240000,47.0,65017,10.1%,3093.0,21.5%,34408,70481
41,Dell Technologies,138000,,64806,18.1%,-1672.0,-,118206,-
42,MetLife,58000,40.0,63476,-9.3%,800.0,-84.9%,898764,57429
43,Aetna,49500,46.0,63155,4.7%,2271.0,-5.0%,69146,44859
44,PepsiCo,264000,44.0,62799,-0.4%,6329.0,16.1%,74129,159763
45,Archer Daniels Midland,31800,41.0,62346,-7.9%,1279.0,-30.8%,39769,26274
46,UPS,335520,48.0,60906,4.4%,3431.0,-29.2%,40377,93276
47,Intel,106000,51.0,59387,7.3%,10316.0,-9.7%,113327,170539
48,Prudential Financial,49739,50.0,58779,2.9%,4368.0,-22.6%,783962,45912
49,Albertsons Cos.,274000,,58734,115.9%,-502.2,-,23770,-
50,United Technologies,201600,45.0,57244,-6.2%,5055.0,-33.6%,89706,89957
51,Marathon Petroleum,44460,42.0,55858,-13.5%,1174.0,-58.8%,44413,26679
52,Disney,195000,53.0,55632,6.0%,9391.0,12.0%,92033,179298
53,Humana,51600,52.0,54379,0.2%,614.0,-51.9%,25396,29743
54,Pfizer,96500,55.0,52824,8.1%,7215.0,3.7%,171615,203725
55,AIG,56400,49.0,52367,-10.2%,-849.0,-138.7%,498264,61154
56,Lockheed Martin,97000,60.0,50658,9.8%,5302.0,47.1%,47806,77557
57,Sysco,51900,57.0,50367,3.5%,949.6,38.3%,16722,28048
58,FedEx,335767,58.0,50365,6.1%,1820.0,73.3%,46064,52178
59,Hewlett Packard Enterprise,195000,,50123,-,3161.0,-,79679,39288
60,Cisco Systems,73700,54.0,49247,0.2%,10739.0,19.6%,121652,169266
61,HP,49000,20.0,48238,-53.3%,2496.0,-45.2%,29010,30231
62,Dow Chemical,56000,56.0,48158,-1.3%,4318.0,-43.8%,79511,77460
63,HCA Holdings,210500,63.0,44747,2.7%,2890.0,35.7%,33758,32966
64,Coca-Cola,100300,62.0,41863,-5.5%,6527.0,-11.2%,87270,182153
65,New York Life Insurance,11320,61.0,40787,-11.1%,1088.1,324.1%,287196,-
66,Centene,30500,124.0,40721,78.6%,562.0,58.3%,20197,12271
67,American Airlines Group,122300,67.0,40180,-2.0%,2676.0,-64.8%,51274,21326
68,Nationwide,34320,69.0,40074,-0.4%,334.3,-42.4%,197790,-
69,Merck,68000,72.0,39807,0.8%,3920.0,-11.8%,95377,174454
70,Cigna,41000,79.0,39668,4.7%,1867.0,-10.8%,59360,37604
71,Delta Air Lines,83756,68.0,39639,-2.6%,4373.0,-3.4%,51261,33586
72,Best Buy,125000,71.0,39403,-0.9%,1228.0,36.9%,13856,15193
73,Honeywell International,131000,75.0,39302,1.9%,4809.0,0.9%,54146,94991
74,Caterpillar,95400,59.0,38537,-18.0%,-67.0,-103.2%,74704,54402
75,Liberty Mutual Insurance Group,50000,73.0,38308,-2.9%,1006.0,95.7%,125592,-
76,Morgan Stanley,55311,78.0,37949,0.1%,5979.0,-2.4%,814949,79947
77,Massachusetts Mutual Life Insurance,11737,76.0,37788,-1.2%,1273.5,-10.6%,271040,-
78,Goldman Sachs Group,34400,74.0,37712,-3.8%,7398.0,21.6%,860165,91380
79,Energy Transfer Equity,30992,65.0,37504,-11.0%,995.0,-16.3%,79011,21292
80,TIAA,12997,82.0,37105,5.5%,1492.3,22.9%,523194,-
81,Oracle,136000,77.0,37047,-3.1%,8901.0,-10.4%,112180,183556
82,Tyson Foods,114000,66.0,36881,-10.9%,1768.0,44.9%,22373,22028
83,United Continental Holdings,88000,80.0,36556,-3.5%,2263.0,-69.2%,40140,22225
84,Allstate,43275,81.0,36534,2.5%,1877.0,-13.5%,108610,29754
85,Publix Super Markets,191000,87.0,34274,5.1%,2025.7,3.1%,17464,-
86,American Express,56400,85.0,33823,-1.8%,5408.0,4.7%,158893,71193
87,TJX,235000,89.0,33184,7.2%,2298.2,0.9%,12884,51053
88,Nike,70700,91.0,32376,5.8%,3760.0,14.9%,21396,92204
89,Exelon,34396,95.0,31360,6.5%,1134.0,-50.0%,114904,33309
90,General Dynamics,98800,88.0,31353,-0.4%,2955.0,-0.3%,32872,56791
91,Rite Aid,70580,107.0,30737,15.9%,165.5,-92.2%,11277,4473
92,Gilead Sciences,9000,86.0,30390,-6.9%,13501.0,-25.4%,56977,88788
93,CHS,12157,84.0,30347,-12.2%,424.2,-45.7%,17318,-
94,3M,91584,93.0,30109,-0.5%,5050.0,4.5%,32906,114338
95,Time Warner,25000,99.0,29318,4.3%,3926.0,2.4%,65966,75660
96,Charter Communications,91500,292.0,29003,197.3%,3522.0,-,149067,100595
97,Northwestern Mutual,5646,100.0,28799,2.4%,818.0,0.4%,250441,-
98,Facebook,17048,157.0,27638,54.2%,10217.0,177.0%,64961,410522
99,Travelers Cos.,30900,105.0,27625,3.1%,3014.0,-12.4%,100245,33689
100,Capital One Financial,47300,112.0,27519,9.6%,3751.0,-7.4%,357033,41831
101,Twenty-First Century Fox,21500,96.0,27326,-5.7%,2755.0,-66.8%,48365,59949
102,USAA,29943,114.0,27131,11.4%,1779.1,-21.7%,147290,-
103,World Fuel Services,5000,92.0,27016,-11.1%,126.5,-27.5%,5413,2535
104,Philip Morris International,79500,106.0,26685,-0.4%,6967.0,1.4%,36851,175349
105,Deere,56767,97.0,26644,-7.7%,1523.9,-21.4%,57981,34648
106,Kraft Heinz,41000,153.0,26487,44.4%,3632.0,472.9%,120480,110528
107,Tech Data,9500,108.0,26235,-0.5%,195.1,-26.6%,7932,3569
108,Avnet,17700,102.0,26219,-6.1%,506.5,-11.4%,11240,5898
109,Avnet,90000,102.0,25923,-12.5%,1659.0,-77.2%,61538,65676
110,MacyÕs,148300,103.0,25778,-4.8%,619.0,-42.3%,19851,9046
111,AbbVie,30000,123.0,25638,12.2%,5953.0,15.7%,66099,103838
112,McDonaldÕs,375000,109.0,24622,-3.1%,4686.5,3.5%,31024,106150
113,DuPont,46000,101.0,24594,-12.0%,2513.0,28.7%,39964,69451
114,Northrop Grumman,67000,118.0,24508,4.2%,2200.0,10.6%,25614,41577
115,ConocoPhillips,13300,90.0,24360,-21.3%,-3615.0,-,89772,61692
116,Raytheon,63000,120.0,24069,3.5%,2211.0,6.6%,30052,44664
117,Tesoro,6308,98.0,24005,-14.7%,734.0,-52.3%,20398,9515
118,Arrow Electronics,18700,119.0,23825,2.3%,522.8,5.0%,14206,6546
119,Qualcomm,30500,110.0,23554,-6.8%,5705.0,8.2%,52359,84694
120,Progressive,31721,137.0,23441,12.4%,1031.0,-18.7%,33428,22760
121,Duke Energy,28798,115.0,23369,-1.0%,2152.0,-23.6%,132761,57397
122,Enterprise Products Partners,6800,104.0,23022,-14.8%,2513.1,-0.3%,52194,58522
123,Amgen,19200,130.0,22991,6.1%,7722.0,11.3%,77626,120830
124,US Foods Holding,25000,122.0,22919,-0.9%,209.8,25.2%,8945,6207
125,U.S. Bancorp,71191,131.0,22744,5.8%,5888.0,0.2%,445964,87201
126,Aflac,10212,135.0,22559,8.1%,2659.0,5.0%,129819,29053
127,Sears Holdings,140000,111.0,22138,-12.0%,-2221.0,-,9362,1231
128,Dollar General,121000,139.0,21987,7.9%,1251.1,7.4%,11672,19182
129,AutoNation,26000,136.0,21609,3.6%,430.5,-2.7%,10060,4268
130,Community Health Systems,108000,125.0,21374,-5.8%,-1721.0,-,21944,1010
131,Starbucks,254000,146.0,21316,11.2%,2817.7,2.2%,14330,85092
132,Eli Lilly,41975,141.0,21222,6.3%,2737.6,13.7%,38806,92803
133,International Paper,55000,127.0,21079,-5.8%,904.0,-3.6%,33345,20884
134,Tenet Healthcare,116475,140.0,21070,4.8%,-192.0,-,24701,1777
135,Abbott Laboratories,75000,138.0,20853,0.9%,1400.0,-68.3%,52666,76740
136,Dollar Tree,116050,180.0,20719,33.7%,896.2,217.4%,15702,18540
137,Whirlpool,93000,134.0,20718,-0.8%,888.0,13.4%,19153,12762
138,Southwest Airlines,53536,142.0,20425,3.1%,2244.0,2.9%,23286,33076
139,Emerson Electric,103500,128.0,20268,-9.1%,1635.0,-39.7%,21743,38614
140,Staples,61503,132.0,20217,-4.0%,-1497.0,-494.8%,8271,5723
141,Plains GP Holdings,5100,121.0,20182,-12.8%,94.0,-20.3%,26103,9127
142,Penske Automotive Group,24000,143.0,20143,4.0%,342.9,5.2%,8861,4001
143,Union Pacific,42919,129.0,19941,-8.6%,4233.0,-11.3%,55718,85911
144,Danaher,62000,133.0,19912,-4.8%,2553.7,-23.9%,45295,59359
145,Southern,32015,162.0,19896,13.8%,2448.0,3.4%,109697,49335
146,ManpowerGroup,28000,144.0,19654,1.7%,443.7,5.8%,7574,6938
147,Bristol-Myers Squibb,25000,168.0,19427,17.3%,4457.0,184.8%,33707,89591
148,Altria Group,8300,149.0,19337,2.6%,14239.0,171.7%,45932,138513
149,Fluor,61551,155.0,19037,5.1%,281.4,-31.8%,9216,7353
150,KohlÕs,85000,145.0,18686,-2.7%,556.0,-17.4%,13574,6862
151,Lear,148400,154.0,18558,1.9%,975.1,30.8%,9901,9726
152,Jabil Circuit,138000,158.0,18353,2.5%,254.1,-10.5%,10323,5270
153,Hartford Financial Services Group,16900,152.0,18300,-0.4%,896.0,-46.7%,223432,17795
154,Thermo Fisher Scientific,54800,164.0,18274,7.7%,2021.8,2.3%,45908,59964
155,Kimberly-Clark,42000,151.0,18202,-2.1%,2166.0,113.8%,14602,46828
156,Molina Healthcare,21000,201.0,17782,25.4%,52.0,-63.6%,7449,2601
157,PG&E Corp.,24000,166.0,17666,4.9%,1393.0,59.4%,68598,33696
158,Supervalu,38000,160.0,17529,-1.6%,178.0,-7.3%,4370,1033
159,Cummins,55400,148.0,17509,-8.4%,1394.0,-0.4%,15011,25397
160,CenturyLink,40000,159.0,17470,-2.4%,626.0,-28.7%,47017,12883
161,AECOM,87000,156.0,17411,-3.2%,96.1,-,13727,5528
162,Xerox,133600,150.0,17126,-8.2%,-477.0,-200.6%,18145,7462
163,Marriott International,226500,195.0,17072,17.9%,780.0,-9.2%,24140,36124
164,Paccar,23000,147.0,17033,-10.9%,521.7,-67.5%,20639,23604
165,General Mills,39000,161.0,16563,-6.1%,1697.4,39.0%,21712,33998
166,PNC Financial Services Group,50683,171.0,16423,0.9%,3903.0,-4.9%,366380,58455
167,American Electric Power,17634,165.0,16380,-3.1%,610.9,-70.2%,63468,33009
168,Icahn Enterprises,90980,184.0,16348,7.0%,-1128.0,-,33335,7989
169,Nucor,23900,170.0,16208,-1.4%,796.3,122.6%,15224,19051
170,NextEra Energy,14700,163.0,16155,-7.6%,2912.0,5.8%,89993,60099
171,Performance Food Group,13000,185.0,16105,5.5%,68.3,20.9%,3455,2464
172,PBF Energy,3165,217.0,15920,21.3%,170.8,16.7%,7622,2431
173,Halliburton,50000,117.0,15887,-32.8%,-5763.0,-,27000,42662
174,CarMax,22429,191.0,15833,6.4%,623.4,4.4%,14482,11081
175,Freeport-McMoRan,30000,175.0,15789,-0.6%,-4154.0,-,37317,19310
176,Whole Foods Market,73515,181.0,15724,2.2%,507.0,-5.4%,6341,9468
177,Bank of New York Mellon Corp.,52000,179.0,15683,1.0%,3547.0,12.3%,333469,48913
178,Gap,135000,177.0,15516,-1.8%,676.0,-26.5%,7610,9712
179,Omnicom Group,78500,186.0,15417,1.9%,1148.6,5.0%,23165,20219
180,Genuine Parts,40000,183.0,15340,0.4%,687.2,-2.6%,8859,13712
181,DaVita HealthCare Partners,70300,200.0,15197,6.9%,879.9,226.2%,18741,13227
182,Colgate-Palmolive,36700,174.0,15195,-5.2%,2441.0,76.4%,12123,64715
183,PPG Industries,47000,182.0,15178,-1.0%,877.0,-37.6%,15769,26970
184,Goodyear Tire & Rubber,66000,169.0,15158,-7.8%,1264.0,311.7%,16511,9070
185,Synchrony Financial,15000,,15122,11.0%,2251.0,1.7%,90207,27810
186,DISH Network,16000,187.0,15095,0.2%,1449.9,94.1%,28092,29547
187,Visa,14200,204.0,15082,8.7%,5991.0,-5.3%,64035,206242
188,Nordstrom,72500,197.0,14757,2.2%,354.0,-41.0%,7858,7770
189,INTL FCStone,1464,83.0,14755,-57.5%,54.7,-1.8%,5951,708
190,WestRock,39000,251.0,14706,29.2%,-396.3,-178.2%,23038,13029
191,XPO Logistics,87000,353.0,14619,91.8%,69.0,-,11698,5338
192,Aramark,217250,199.0,14416,0.6%,287.8,22.0%,10582,9081
193,CBS,18410,203.0,14386,3.6%,1261.0,-10.8%,24238,28405
194,AES,19000,190.0,14287,-4.5%,-1130.0,-469.3%,36119,7371
195,WellCare Health Plans,7400,202.0,14237,2.5%,242.1,104.1%,6153,6212
196,FirstEnergy,15707,188.0,14156,-3.1%,-6177.0,-,43148,14118
197,ConAgra Foods,20900,176.0,14134,-10.8%,-677.0,-,13391,17557
198,Synnex,110000,212.0,14062,5.4%,234.9,12.7%,5223,4469
199,CDW,8516,220.0,13982,7.6%,424.4,5.3%,6948,9197
200,Textron,36000,209.0,13788,2.7%,962.0,38.0%,15358,12851
201,Waste Management,41200,221.0,13609,5.0%,1182.0,57.0%,20859,32216
202,Illinois Tool Works,50000,211.0,13599,1.4%,2035.0,7.2%,15201,45791
203,Office Depot,38000,196.0,13585,-6.2%,529.0,-,5540,2402
204,Monsanto,22450,189.0,13502,-10.0%,1336.0,-42.3%,19736,49644
205,Cognizant Technology Solutions,260200,230.0,13487,8.6%,1553.0,-4.3%,14262,36226
206,Texas Instruments,29865,219.0,13370,2.8%,3595.0,20.4%,16431,80531
207,Lincoln National,9057,205.0,13330,-1.8%,1192.0,3.3%,261627,14760
208,Newell Brands,53400,434.0,13264,122.1%,527.8,50.8%,33838,22787
209,Land OÕLakes,10000,215.0,13233,0.6%,244.9,-20.4%,8305,-
210,Marsh & McLennan,60000,222.0,13211,2.5%,1768.0,10.6%,18190,38078
211,Ecolab,47565,206.0,13153,-2.9%,1229.6,22.7%,18330,36356
212,C.H. Robinson Worldwide,14125,208.0,13144,-2.5%,513.4,0.7%,3688,10958
213,Loews,15800,210.0,13105,-2.3%,654.0,151.5%,76594,15747
214,CBRE Group,75000,259.0,13072,20.4%,572.0,4.5%,10780,11753
215,Kinder Morgan,11121,198.0,13058,-9.3%,708.0,179.8%,80305,48533
216,Kellogg,37369,207.0,13014,-3.8%,694.0,13.0%,15111,25417
217,Western Digital,72878,194.0,12994,-10.8%,242.0,-83.5%,32862,23775
218,Guardian Life Ins. Co. of America,8876,226.0,12919,2.3%,263.9,-35.7%,70339,-
219,Ross Stores,78600,237.0,12867,7.8%,1117.7,9.5%,5309,25814
220,L Brands,59100,234.0,12574,3.5%,1158.1,-7.6%,8170,13426
221,J.C. Penney,106000,228.0,12547,-0.6%,1.0,-,9314,1901
222,Farmers Insurance Exchange,13309,227.0,12513,-0.9%,-147.9,-,16057,-
223,Reynolds American,5525,266.0,12503,17.1%,6073.0,86.7%,51095,89862
224,Viacom,9650,213.0,12488,-5.9%,1438.0,-25.2%,22508,18503
225,Becton Dickinson,50928,278.0,12483,21.4%,976.0,40.4%,25586,39041
226,Micron Technology,31400,173.0,12399,-23.4%,-276.0,-109.5%,27540,31972
227,Principal Financial,14854,236.0,12394,3.6%,1316.5,6.7%,228014,18143
228,Alcoa,41500,126.0,12394,-45.0%,-941.0,-,20038,11604
229,NRG Energy,8763,193.0,12351,-15.8%,-774.0,-,30355,5911
230,VF,69000,231.0,12207,-1.4%,1074.1,-12.8%,9739,22786
231,Devon Energy,3545,216.0,12197,-7.2%,-3302.0,-,25913,21886
232,D.R. Horton,6976,260.0,12157,12.3%,886.3,18.1%,11559,12438
233,Bed Bath & Beyond,62000,238.0,12104,1.9%,841.5,-12.1%,6499,5931
234,Consolidated Edison,14960,229.0,12075,-3.8%,1245.0,4.4%,48255,23708
235,Edison International,12390,246.0,11869,3.0%,1311.0,28.5%,51319,25938
236,Sherwin-Williams,42550,253.0,11856,4.6%,1132.7,7.5%,6753,28891
237,NGL Energy Partners,3200,167.0,11742,-30.1%,-198.9,-633.2%,5560,2686
238,Dominion Resources,16200,243.0,11737,0.5%,2123.0,11.8%,71610,48732
239,Ameriprise Financial,13195,232.0,11735,-3.8%,1314.0,-15.9%,139821,19953
240,ADP,57000,248.0,11668,1.7%,1492.5,2.8%,43670,45963
241,Hilton Worldwide Holdings,169000,254.0,11663,3.5%,348.0,-75.2%,26211,19276
242,First Data,24000,249.0,11584,1.2%,420.0,-,40292,14224
243,Henry Schein,21000,268.0,11572,8.9%,506.8,5.8%,6730,13461
244,Toys ÒRÓ Us,64000,240.0,11540,-2.2%,-36.0,-,6908,-
245,BB&T Corp.,37500,273.0,11538,11.5%,2426.0,16.4%,219276,36141
246,Reinsurance Group of America,2371,271.0,11522,10.6%,701.4,39.7%,53098,8169
247,Core-Mark Holding,7688,317.0,11507,29.9%,54.2,5.2%,1497,1445
248,Biogen,7400,263.0,11449,6.4%,3702.8,4.4%,22877,59046
249,Las Vegas Sands,49000,241.0,11410,-2.4%,1670.0,-15.1%,20469,45313
250,Stanley Black & Decker,54023,256.0,11407,1.7%,965.3,9.2%,15635,20280
251,Parker-Hannifin,48950,224.0,11361,-10.6%,806.8,-20.3%,12057,21370
252,Stryker,33000,287.0,11325,13.9%,1647.0,14.5%,20435,49115
253,Estee Lauder,46000,261.0,11262,4.5%,1114.6,2.4%,9223,31068
254,Celgene,7132,305.0,11229,21.3%,1999.2,24.8%,28086,96802
255,BlackRock,13000,250.0,11155,-2.2%,3172.0,-5.2%,220177,62225
256,Xcel Energy,11476,257.0,11107,0.7%,1123.4,14.1%,41155,22546
257,CSX,26628,239.0,11069,-6.3%,1714.0,-12.9%,35414,43126
258,Unum Group,9400,265.0,11047,2.9%,931.4,7.4%,61942,10749
259,Jacobs Engineering Group,49350,235.0,10964,-9.5%,210.5,-30.5%,7360,6693
260,Lennar,8335,301.0,10950,15.6%,911.8,13.6%,15362,12002
261,Group 1 Automotive,13500,267.0,10888,2.4%,147.1,56.5%,4462,1584
262,Leucadia National,13000,242.0,10875,-6.9%,130.0,-54.2%,45071,9355
263,Entergy,13513,247.0,10846,-5.8%,-583.6,-,45904,13685
264,PayPal Holdings,18100,307.0,10842,17.2%,1401.0,14.1%,33103,51650
265,Applied Materials,16150,295.0,10825,12.1%,1721.0,25.0%,14588,42005
266,Voya Financial,6700,252.0,10782,-4.9%,-428.0,-204.8%,214235,7191
267,MasterCard,11900,294.0,10776,11.5%,4059.0,6.6%,18675,121234
268,Priceline Group,18500,308.0,10743,16.5%,2135.0,-16.3%,19839,87522
269,Liberty Interactive,21080,284.0,10647,6.6%,1235.0,42.1%,20355,9101
270,AutoZone,66780,280.0,10636,4.4%,1241.0,7.0%,8600,20540
271,State Street Corp.,33783,264.0,10635,-1.2%,2143.0,8.2%,242698,30406
272,DTE Energy,10000,274.0,10630,2.8%,868.0,19.4%,32041,18317
273,L-3 Communications,38000,245.0,10597,-8.3%,710.0,-,11865,12859
274,HollyFrontier,2676,214.0,10536,-20.4%,-260.5,-135.2%,9436,5048
275,Praxair,26498,262.0,10534,-2.2%,1500.0,-3.0%,19332,33834
276,Universal Health Services,70863,290.0,10508,7.4%,702.4,3.2%,10318,12022
277,Discover Financial Services,15549,283.0,10497,4.9%,2393.0,4.2%,92308,26255
278,Occidental Petroleum,11000,225.0,10398,-18.1%,-574.0,-,43109,48444
279,United States Steel,29800,244.0,10261,-11.3%,-440.0,-,9160,5893
280,Sempra Energy,16575,279.0,10183,-0.5%,1370.0,1.6%,47786,27692
281,Baxter International,48000,286.0,10163,2.0%,4965.0,412.9%,15546,28106
282,W.W. Grainger,25000,285.0,10137,1.6%,605.9,-21.2%,5694,13668
283,Autoliv,65900,310.0,10074,9.9%,567.1,24.1%,8234,9032
284,Norfolk Southern,27856,270.0,9888,-5.9%,1668.0,7.2%,34892,32515
285,Baker Hughes,33000,178.0,9841,-37.5%,-2738.0,-,19034,25444
286,Ally Financial,7600,298.0,9835,3.1%,1067.0,-17.2%,163728,9437
287,Sonic Automotive,9800,297.0,9732,1.1%,93.2,8.0%,3639,900
288,Owens & Minor,7900,291.0,9723,-0.5%,108.8,5.2%,2718,2114
289,Huntsman,15000,277.0,9657,-6.2%,326.0,250.5%,9189,5880
290,Laboratory Corp. of America,52000,325.0,9642,11.1%,732.1,67.6%,14247,14696
291,Murphy USA,6600,258.0,9633,-11.5%,221.5,25.6%,2089,2706
292,Advance Auto Parts,57500,293.0,9568,-1.7%,459.6,-2.9%,8315,10944
293,Fidelity National Financial,55219,311.0,9554,4.6%,650.0,23.3%,14463,10600
294,Air Products & Chemicals,18450,288.0,9524,-3.7%,631.1,-50.6%,18055,29438
295,Hormel Foods,21100,304.0,9523,2.8%,890.1,29.7%,6370,18316
296,Hertz Global Holdings,36000,269.0,9480,-10.0%,-491.0,-279.9%,19155,1456
297,MGM Resorts International,66500,309.0,9455,2.9%,1101.4,-,28173,15733
298,Corning,40700,313.0,9390,3.1%,3695.0,176.0%,27899,25030
299,Republic Services,33000,312.0,9388,3.0%,612.6,-18.3%,20630,21312
300,Alcoa,14000,,9318,-,-400.0,-,16741,6337
301,Fidelity National Information Services,55000,392.0,9241,40.1%,568.0,-10.1%,26031,26178
302,Pacific Life,3628,326.0,9169,6.1%,824.0,24.7%,143298,-
303,SunTrust Banks,24375,329.0,9161,7.4%,1878.0,-2.8%,204875,27175
304,LKQ,42500,369.0,9082,26.3%,464.0,9.6%,8303,9021
305,BorgWarner,27000,339.0,9071,13.1%,118.5,-80.6%,8835,8895
306,Ball,18450,341.0,9061,13.3%,263.0,-6.4%,16173,13000
307,CST Brands,12380,299.0,9061,-4.6%,324.0,117.4%,4360,3645
308,Public Service Enterprise Group,13065,272.0,9061,-13.0%,887.0,-47.2%,40070,22451
309,Eastman Chemical,14000,296.0,9008,-6.6%,854.0,0.7%,15457,11783
310,eBay,12600,300.0,8979,-5.4%,7266.0,321.2%,23847,36232
311,Mohawk Industries,37800,338.0,8959,11.0%,930.4,51.2%,10231,17025
312,Oneok,2384,348.0,8921,14.9%,352.0,43.7%,16139,11684
313,Frontier Communications,28332,461.0,8896,59.5%,-373.0,-,29013,2521
314,Netflix,3850,379.0,8831,30.3%,186.7,52.2%,13587,63619
315,American Family Insurance Group,10471,332.0,8829,6.6%,325.6,-53.1%,22662,-
316,Thrivent Financial for Lutherans,3282,318.0,8777,-0.1%,587.8,-23.6%,88561,-
317,Expedia,20075,385.0,8774,31.5%,281.8,-63.1%,15778,18901
318,Lithia Motors,11170,346.0,8678,10.3%,197.1,7.7%,3844,2156
319,Avis Budget Group,25600,330.0,8659,1.8%,163.0,-47.9%,17643,2528
320,Reliance Steel & Aluminum,14500,303.0,8613,-7.9%,304.3,-2.3%,7411,5830
321,GameStop,41750,302.0,8608,-8.1%,353.2,-12.3%,4976,2282
322,Tenneco,31000,334.0,8599,4.8%,363.0,47.0%,4342,3390
323,OÕReilly Automotive,58397,342.0,8593,7.9%,1037.7,11.4%,7204,24730
324,Peter Kiewit SonsÕ,20000,314.0,8573,-4.7%,396.0,57.8%,6179,-
325,United Natural Foods,9554,335.0,8470,3.5%,125.8,-9.3%,2852,2187
326,salesforce.com,25000,386.0,8392,25.9%,179.6,-,17585,58362
327,Boston Scientific,27000,359.0,8386,12.2%,347.0,-,18096,34046
328,Newmont Mining,12438,349.0,8379,8.4%,-627.0,-385.0%,21031,17518
329,Genworth Financial,3400,306.0,8369,-9.5%,-277.0,-,104658,2056
330,Live Nation Entertainment,11500,366.0,8355,15.3%,2.9,-,6764,6219
331,Veritiv,8700,323.0,8327,-4.5%,21.0,-21.3%,2484,813
332,News Corp.,24000,327.0,8319,-3.6%,179.0,-,15483,7559
333,Crown Holdings,23992,321.0,8284,-5.5%,496.0,26.2%,9599,7367
334,Global Partners,1770,276.0,8240,-20.1%,-199.4,-557.8%,2564,663
335,PVH,26650,340.0,8203,2.3%,549.0,-4.1%,11068,8092
336,Level 3 Communications,12600,333.0,8172,-0.7%,677.0,-80.3%,24888,20638
337,Navistar International,11300,281.0,8111,-20.0%,-97.0,-,5653,2416
338,Univar,8700,315.0,8074,-10.1%,-68.4,-514.5%,5390,4293
339,Campbell Soup,16500,337.0,7961,-1.5%,563.0,-18.5%,7837,17423
340,DickÕs Sporting Goods,27550,365.0,7922,9.0%,287.4,-13.0%,4058,5489
341,Weyerhaeuser,10400,373.0,7902,11.6%,1027.0,103.0%,19243,25451
342,Mutual of Omaha Insurance,5732,367.0,7899,9.2%,356.6,7.1%,38465,-
343,Chesapeake Energy,3300,223.0,7872,-38.3%,-4401.0,-,13028,5394
344,Anadarko Petroleum,4500,324.0,7869,-9.5%,-3071.0,-,45564,34640
345,Interpublic Group,49800,355.0,7847,3.1%,608.5,33.9%,12485,9648
346,J.M. Smucker,6910,452.0,7811,37.2%,688.7,99.7%,15984,15263
347,Steel Dynamics,7695,356.0,7777,2.4%,382.1,-,6424,8425
348,Foot Locker,32965,361.0,7766,4.8%,664.0,22.7%,3840,9818
349,Western Refining,7134,289.0,7743,-20.9%,124.9,-69.3%,5560,3812
350,SpartanNash,11500,351.0,7735,1.1%,56.8,-9.4%,1930,1313
351,Dean Foods,17000,336.0,7710,-5.1%,119.9,-,2606,1786
352,Zimmer Biomet Holdings,18500,431.0,7684,28.1%,305.9,108.1%,26684,24571
353,PulteGroup,4623,433.0,7669,28.2%,602.7,22.0%,10178,7466
354,W.R. Berkley,7608,368.0,7654,6.2%,601.9,19.5%,23365,8561
355,Quanta Services,28100,352.0,7651,0.2%,198.4,-36.2%,5354,5386
356,EOG Resources,2650,322.0,7651,-12.6%,-1096.7,-,29459,56302
357,Charles Schwab,16200,401.0,7644,17.6%,1889.0,30.5%,223383,54555
358,Eversource Energy,7762,343.0,7639,-4.0%,942.3,7.3%,32053,18627
359,Anixter International,8900,391.0,7625,15.6%,120.5,-5.6%,4094,2626
360,EMCOR Group,31000,381.0,7552,12.3%,181.9,5.6%,3894,3756
361,Assurant,14700,275.0,7532,-27.1%,565.4,299.4%,29709,5298
362,CenterPoint Energy,7727,363.0,7528,1.9%,432.0,-,21829,11882
363,Harris,21000,505.0,7527,48.1%,324.0,-3.0%,11996,13849
364,HD Supply Holdings,14000,320.0,7524,-14.3%,196.0,-86.7%,5707,8296
365,PPL,12689,350.0,7517,-2.0%,1902.0,178.9%,38315,25448
366,Quest Diagnostics,43000,358.0,7515,0.3%,645.0,-9.0%,10100,13501
367,Williams,5604,364.0,7499,1.9%,-424.0,-,46835,24436
368,WEC Energy Group,8074,437.0,7472,26.1%,939.0,47.1%,30123,19134
369,Hershey,17140,362.0,7440,0.7%,720.0,40.4%,5524,23236
370,AGCO,19795,360.0,7411,-0.8%,160.1,-39.9%,7168,4783
371,Ralph Lauren,20500,354.0,7405,-2.8%,396.0,-43.6%,6213,6710
372,Masco,26000,345.0,7357,-6.9%,491.0,38.3%,5137,10888
373,WESCO International,9000,357.0,7336,-2.4%,101.6,-51.8%,4491,3389
374,LifePoint Health,47000,430.0,7274,20.9%,121.9,-33.0%,6319,2616
375,National Oilwell Varco,36384,192.0,7251,-50.9%,-2412.0,-,21140,15183
376,Kindred Healthcare,76650,372.0,7227,1.8%,-664.2,-,6113,711
377,Mosaic,8700,316.0,7163,-19.5%,297.8,-70.2%,16841,10242
378,Alliance Data Systems,17000,404.0,7138,10.8%,515.8,-13.5%,25514,13925
379,Computer Sciences,59000,233.0,7106,-41.7%,251.0,-,7736,9746
380,Huntington Ingalls Industries,37000,378.0,7068,0.7%,573.0,41.8%,6352,9265
381,Leidos Holdings,32000,504.0,7043,38.5%,244.0,-3.9%,9132,7696
382,Erie Insurance Group,4988,411.0,7016,5.7%,741.9,10.7%,18417,-
383,Tesla,30025,588.0,7000,73.0%,-674.9,-,22664,45390
384,Ascena Retail Group,41000,523.0,6995,45.6%,-11.9,-,5506,830
385,Darden Restaurants,150942,371.0,6934,-3.2%,375.0,-47.1%,4583,10389
386,Harman International Industries,26000,419.0,6912,12.3%,361.7,5.6%,6054,-
387,Nvidia,10299,508.0,6910,37.9%,1666.0,171.3%,9841,64160
388,R.R. Donnelley & Sons,44360,255.0,6896,-38.7%,-495.9,-428.2%,4285,846
389,Fifth Third Bancorp,17844,376.0,6889,-2.0%,1564.0,-8.6%,142177,19066
390,Quintiles Transnational Holdings,50000,447.0,6878,19.9%,115.0,-70.3%,21208,18999
391,Jones Lang LaSalle,77300,436.0,6804,14.0%,318.2,-27.5%,7629,5043
392,Dover,29000,377.0,6794,-3.3%,508.9,-41.5%,10116,12502
393,Spirit AeroSystems Holdings,14400,389.0,6793,2.2%,469.7,-40.4%,5405,6900
394,Ryder System,34500,395.0,6787,3.3%,262.5,-13.9%,10903,3992
395,A-Mark Precious Metals,83000,426.0,6784,11.8%,9.3,31.5%,437,120
396,Tractor Supply,19500,415.0,6780,8.9%,437.1,6.5%,2675,8960
397,Sealed Air,23000,375.0,6778,-3.6%,486.4,45.0%,7389,8432
398,Auto-Owners Insurance,4737,398.0,6775,4.0%,706.3,-13.4%,21571,-
399,Yum China Holdings,420000,,6752,-,502.0,-,3727,10453
400,Calpine,2372,402.0,6716,3.8%,92.0,-60.9%,19317,3989
401,Owens-Illinois,27000,418.0,6702,8.9%,209.0,54.8%,9135,3316
402,Targa Resources,1970,387.0,6691,0.5%,-187.3,-421.3%,12871,11743
403,JetBlue Airways,15986,405.0,6632,3.4%,759.0,12.1%,9487,6875
404,Jones Financial,43000,382.0,6632,-0.9%,746.0,-11.0%,19424,-
405,Franklin Resources,9059,344.0,6618,-16.7%,1726.7,-15.2%,16099,23823
406,Activision Blizzard,9500,532.0,6608,41.7%,966.0,8.3%,17452,37487
407,J.B. Hunt Transport Services,22190,416.0,6556,5.9%,432.1,1.1%,3829,10212
408,Constellation Brands,9000,429.0,6548,8.6%,1054.9,25.7%,16965,31775
409,NCR,33500,409.0,6543,2.7%,270.0,-,7673,5620
410,Asbury Automotive Group,7900,393.0,6528,-0.9%,167.2,-1.2%,2336,1271
411,American Financial Group,7600,421.0,6498,5.7%,649.0,84.4%,55072,8303
412,Discovery Communications,7000,406.0,6497,1.6%,1194.0,15.5%,15758,11306
413,Berry Global Group,21000,518.0,6489,32.9%,236.0,174.4%,7653,6256
414,Sanmina,40178,408.0,6481,1.7%,187.8,-50.2%,3625,3016
415,CalAtlantic Group,3055,640.0,6477,83.0%,484.7,127.0%,8709,4291
416,Dr Pepper Snapple Group,20000,413.0,6440,2.5%,847.0,10.9%,9791,17997
417,DillardÕs,30800,380.0,6418,-5.0%,169.2,-37.2%,3888,1645
418,HRG Group,16021,441.0,6403,10.1%,-198.8,-,35793,3869
419,CMS Energy,7750,403.0,6399,-0.9%,551.0,5.4%,21622,12528
420,Graybar Electric,8500,423.0,6385,4.5%,93.1,2.2%,2099,-
421,Builders FirstSource,14000,637.0,6367,78.6%,144.3,-,2910,1669
422,Yum Brands,90000,218.0,6366,-51.4%,1619.0,25.2%,5478,22611
423,CaseyÕs General Stores,24724,374.0,6304,-10.6%,226.0,25.1%,2726,4400
424,Amphenol,62000,462.0,6286,12.9%,822.9,7.8%,8499,21897
425,Oshkosh,13800,424.0,6279,3.0%,216.4,-5.7%,4514,5118
426,iHeartMedia,18700,414.0,6274,0.5%,-296.3,-,12862,330
427,TreeHouse Foods,16027,686.0,6175,92.6%,-228.6,-298.9%,6546,4813
428,Alleghany,3420,509.0,6131,22.6%,456.9,-18.5%,23757,9476
429,Expeditors International of Washington,16000,390.0,6098,-7.8%,430.8,-5.8%,2791,10208
430,Avery Dennison,25000,435.0,6087,2.0%,320.7,16.9%,4396,7157
431,Ameren,8629,425.0,6076,-0.4%,653.0,3.7%,24699,13245
432,Hanesbrands,67800,448.0,6063,5.8%,539.4,25.8%,6908,7733
433,Motorola Solutions,14000,451.0,6038,6.0%,560.0,-8.2%,8463,14131
434,St. Jude Medical,18000,465.0,6004,8.4%,734.0,-16.6%,12578,-
435,Harley-Davidson,6000,432.0,5997,-,692.2,-8.0%,9890,10626
436,Regions Financial,22166,453.0,5967,5.2%,1163.0,9.5%,125968,17512
437,Intercontinental Exchange,5631,529.0,5958,27.3%,1422.0,11.6%,82003,35530
438,Alaska Air Group,19112,459.0,5931,5.9%,814.0,-4.0%,9962,11407
439,Old Republic International,8500,442.0,5901,2.3%,466.9,10.6%,18592,5382
440,Lam Research,7500,491.0,5886,11.9%,914.0,39.4%,12272,20903
441,AK Steel Holding,8500,383.0,5883,-12.1%,-7.8,-,4036,2263
442,Rockwell Automation,22000,412.0,5880,-6.8%,729.7,-11.8%,7101,20024
443,Adobe Systems,15706,524.0,5854,22.1%,1168.8,85.7%,12707,64375
444,Avon Products,26400,370.0,5853,-18.4%,-107.6,-,3419,1933
445,Terex,18100,396.0,5841,-10.7%,-176.1,-220.7%,5007,3250
446,NVR,4900,498.0,5835,12.9%,425.3,11.1%,2644,7851
447,Dana Holding,24900,428.0,5826,-3.9%,640.0,302.5%,4860,2783
448,Realogy Holdings,11800,449.0,5810,1.8%,213.0,15.8%,7421,4173
449,American Tower,4507,526.0,5786,21.3%,956.4,39.6%,30879,51921
450,Packaging Corp. of America,14000,446.0,5779,0.6%,449.6,2.9%,5777,8631
451,Citizens Financial Group,17600,486.0,5763,9.2%,1045.0,24.4%,149520,17597
452,United Rentals,12500,440.0,5762,-0.9%,566.0,-3.2%,11988,10561
453,Clorox,8000,455.0,5761,1.7%,648.0,11.7%,4518,17294
454,Genesis Healthcare,82000,457.0,5733,2.0%,-64.0,-,5779,408
455,M&T Bank Corp.,16487,510.0,5722,14.5%,1315.1,21.8%,123449,23792
456,Ingredion,11000,456.0,5704,1.5%,484.9,20.6%,5782,8646
457,UGI,13105,384.0,5686,-15.0%,364.7,29.8%,10847,8543
458,Owens Corning,16000,480.0,5677,6.1%,393.0,19.1%,7741,6910
459,S&P Global,20000,481.0,5661,6.6%,2106.0,82.2%,8669,33805
460,Markel,10900,476.0,5612,4.5%,455.7,-21.8%,25875,13623
461,Wyndham Worldwide,37800,466.0,5599,1.1%,611.0,-0.2%,9819,8829
462,Arthur J. Gallagher,24790,471.0,5595,3.8%,414.4,16.1%,11490,10148
463,Burlington Stores,40000,500.0,5591,9.0%,215.9,43.5%,2575,6836
464,First American Financial,19531,497.0,5576,7.7%,343.0,19.1%,8832,4332
465,Symantec,11000,400.0,5568,-14.4%,2488.0,183.4%,11767,18986
466,Patterson,7000,559.0,5555,27.0%,187.2,-16.2%,3521,4393
467,Olin,6400,761.0,5551,94.5%,-3.9,-,8763,5444
468,NetApp,12030,422.0,5546,-9.4%,229.0,-59.1%,10037,11339
469,Raymond James Financial,11900,482.0,5520,4.0%,529.4,5.4%,31594,10958
470,TravelCenters of America,20259,439.0,5511,-5.8%,-2.0,-107.3%,1660,241
471,Fiserv,23000,492.0,5505,4.8%,930.0,30.6%,9743,24741
472,Host Hotels & Resorts,220000,472.0,5488,1.9%,762.0,36.6%,11408,13794
473,Insight Enterprises,5930,474.0,5486,2.1%,84.7,11.7%,2219,1458
474,Mattel,32000,450.0,5457,-4.3%,318.0,-13.9%,6494,8770
475,AmTrust Financial Services,8000,531.0,5451,18.1%,411.0,-8.8%,22615,3158
476,Cincinnati Financial,4754,499.0,5449,6.0%,590.7,-6.8%,20386,11911
477,Simon Property Group,4050,488.0,5435,3.2%,1838.9,0.6%,31104,53732
478,Western Union,10700,468.0,5423,-1.1%,253.2,-69.8%,9420,9691
479,KeyCorp,15700,540.0,5422,19.4%,791.0,-13.6%,136453,19238
480,Delek US Holdings,1326,445.0,5414,-6.0%,-153.7,-892.3%,2985,1504
481,Booz Allen Hamilton Holding,22600,487.0,5406,2.5%,294.1,26.5%,3010,5307
482,Chemours,7000,,5400,-,7.0,-,6060,7080
483,Western & Southern Financial Group,2178,479.0,5398,0.8%,241.2,-47.2%,43831,-
484,Regions Financial,7293,453.0,5389,-5.0%,900.0,196.1%,8357,12643
485,Windstream Holdings,11870,443.0,5387,-6.6%,-383.5,-,11770,1038
486,Seaboard,11781,460.0,5379,-3.8%,312.0,82.5%,4755,4881
487,Essendant,6600,477.0,5369,0.1%,63.9,-,2164,568
488,Apache,3727,388.0,5354,-19.5%,-1405.0,-,22519,19547
489,Airgas,17000,484.0,5314,0.2%,337.5,-8.3%,6135,-
490,Kelly Services,7500,467.0,5277,-4.4%,120.8,124.5%,2028,836
491,Liberty Media,3626,525.0,5276,10.0%,680.0,962.5%,31377,13055
492,Rockwell Collins,19000,490.0,5259,-0.1%,728.0,6.1%,7707,12711
493,Robert Half International,16400,503.0,5250,3.1%,343.4,-4.0%,1778,6240
494,CH2M Hill,20000,478.0,5236,-2.3%,15.0,-81.3%,2671,-
495,Big Lots,23150,495.0,5200,0.2%,152.8,7.0%,1608,2180
496,Michaels Cos.,31000,517.0,5197,5.8%,378.2,4.2%,2148,4229
497,Toll Brothers,4200,576.0,5170,23.9%,382.1,5.2%,9737,5872
498,Yahoo,8500,513.0,5169,4.0%,-214.3,-,48083,44391
499,Vistra Energy,4431,,5164,-,-,-,15167,6968
500,ABM Industries,110000,485.0,5145,-2.8%,57.2,-25.0%,2281,2428
